image_path,label,true_class,predicted_class,confidence
/Users/mirshad/Desktop/brain-tumor/brain-tumor-vit/archive/Testing/glioma/Te-gl_218.jpg,glioma,glioma,notumor,0.99999154
/Users/mirshad/Desktop/brain-tumor/brain-tumor-vit/archive/Testing/glioma/Te-gl_350.jpg,glioma,glioma,notumor,0.99999607
/Users/mirshad/Desktop/brain-tumor/brain-tumor-vit/archive/Testing/glioma/Te-gl_91.jpg,glioma,glioma,meningioma,0.88801366
/Users/mirshad/Desktop/brain-tumor/brain-tumor-vit/archive/Testing/glioma/Te-gl_53.jpg,glioma,glioma,meningioma,0.98155886
/Users/mirshad/Desktop/brain-tumor/brain-tumor-vit/archive/Testing/glioma/Te-gl_47.jpg,glioma,glioma,meningioma,0.99996865
/Users/mirshad/Desktop/brain-tumor/brain-tumor-vit/archive/Testing/glioma/Te-gl_84.jpg,glioma,glioma,meningioma,0.87776464
/Users/mirshad/Desktop/brain-tumor/brain-tumor-vit/archive/Testing/glioma/Te-gl_351.jpg,glioma,glioma,notumor,0.67018884
/Users/mirshad/Desktop/brain-tumor/brain-tumor-vit/archive/Testing/glioma/Te-gl_153.jpg,glioma,glioma,meningioma,0.9461024
/Users/mirshad/Desktop/brain-tumor/brain-tumor-vit/archive/Testing/glioma/Te-gl_151.jpg,glioma,glioma,meningioma,0.9999627
/Users/mirshad/Desktop/brain-tumor/brain-tumor-vit/archive/Testing/glioma/Te-gl_86.jpg,glioma,glioma,meningioma,0.7291825
/Users/mirshad/Desktop/brain-tumor/brain-tumor-vit/archive/Testing/glioma/Te-gl_391.jpg,glioma,glioma,meningioma,0.9856554
/Users/mirshad/Desktop/brain-tumor/brain-tumor-vit/archive/Testing/glioma/Te-gl_78.jpg,glioma,glioma,notumor,0.92140746
/Users/mirshad/Desktop/brain-tumor/brain-tumor-vit/archive/Testing/glioma/Te-gl_87.jpg,glioma,glioma,meningioma,0.99999714
/Users/mirshad/Desktop/brain-tumor/brain-tumor-vit/archive/Testing/glioma/Te-gl_187.jpg,glioma,glioma,meningioma,0.962499
/Users/mirshad/Desktop/brain-tumor/brain-tumor-vit/archive/Testing/glioma/Te-gl_144.jpg,glioma,glioma,notumor,0.9963844
/Users/mirshad/Desktop/brain-tumor/brain-tumor-vit/archive/Testing/glioma/Te-gl_140.jpg,glioma,glioma,meningioma,0.85955036
/Users/mirshad/Desktop/brain-tumor/brain-tumor-vit/archive/Testing/glioma/Te-gl_97.jpg,glioma,glioma,notumor,0.9999993
/Users/mirshad/Desktop/brain-tumor/brain-tumor-vit/archive/Testing/glioma/Te-gl_68.jpg,glioma,glioma,meningioma,0.99993455
/Users/mirshad/Desktop/brain-tumor/brain-tumor-vit/archive/Testing/glioma/Te-gl_196.jpg,glioma,glioma,meningioma,0.7927998
/Users/mirshad/Desktop/brain-tumor/brain-tumor-vit/archive/Testing/glioma/Te-gl_143.jpg,glioma,glioma,notumor,0.9999697
/Users/mirshad/Desktop/brain-tumor/brain-tumor-vit/archive/Testing/glioma/Te-gl_94.jpg,glioma,glioma,pituitary,0.9699811
/Users/mirshad/Desktop/brain-tumor/brain-tumor-vit/archive/Testing/glioma/Te-gl_341.jpg,glioma,glioma,notumor,0.99900824
/Users/mirshad/Desktop/brain-tumor/brain-tumor-vit/archive/Testing/glioma/Te-gl_43.jpg,glioma,glioma,notumor,0.9692787
/Users/mirshad/Desktop/brain-tumor/brain-tumor-vit/archive/Testing/glioma/Te-gl_56.jpg,glioma,glioma,meningioma,0.9867865
/Users/mirshad/Desktop/brain-tumor/brain-tumor-vit/archive/Testing/glioma/Te-gl_181.jpg,glioma,glioma,meningioma,0.9725699
/Users/mirshad/Desktop/brain-tumor/brain-tumor-vit/archive/Testing/glioma/Te-gl_1.jpg,glioma,glioma,notumor,0.6416036
/Users/mirshad/Desktop/brain-tumor/brain-tumor-vit/archive/Testing/glioma/Te-gl_278.jpg,glioma,glioma,meningioma,0.93473643
/Users/mirshad/Desktop/brain-tumor/brain-tumor-vit/archive/Testing/glioma/Te-gl_126.jpg,glioma,glioma,meningioma,0.998285
/Users/mirshad/Desktop/brain-tumor/brain-tumor-vit/archive/Testing/glioma/Te-gl_318.jpg,glioma,glioma,notumor,0.8379918
/Users/mirshad/Desktop/brain-tumor/brain-tumor-vit/archive/Testing/glioma/Te-gl_330.jpg,glioma,glioma,notumor,0.9998311
/Users/mirshad/Desktop/brain-tumor/brain-tumor-vit/archive/Testing/glioma/Te-gl_32.jpg,glioma,glioma,notumor,0.74729764
/Users/mirshad/Desktop/brain-tumor/brain-tumor-vit/archive/Testing/glioma/Te-gl_27.jpg,glioma,glioma,meningioma,0.9999496
/Users/mirshad/Desktop/brain-tumor/brain-tumor-vit/archive/Testing/glioma/Te-gl_133.jpg,glioma,glioma,notumor,0.8033041
/Users/mirshad/Desktop/brain-tumor/brain-tumor-vit/archive/Testing/glioma/Te-gl_335.jpg,glioma,glioma,meningioma,0.9991449
/Users/mirshad/Desktop/brain-tumor/brain-tumor-vit/archive/Testing/glioma/Te-gl_295.jpg,glioma,glioma,meningioma,0.9455641
/Users/mirshad/Desktop/brain-tumor/brain-tumor-vit/archive/Testing/glioma/Te-gl_323.jpg,glioma,glioma,notumor,0.99998343
/Users/mirshad/Desktop/brain-tumor/brain-tumor-vit/archive/Testing/glioma/Te-gl_109.jpg,glioma,glioma,meningioma,0.9740287
/Users/mirshad/Desktop/brain-tumor/brain-tumor-vit/archive/Testing/glioma/Te-gl_272.jpg,glioma,glioma,notumor,0.8563634
/Users/mirshad/Desktop/brain-tumor/brain-tumor-vit/archive/Testing/glioma/Te-gl_39.jpg,glioma,glioma,meningioma,0.9997948
/Users/mirshad/Desktop/brain-tumor/brain-tumor-vit/archive/Testing/glioma/Te-gl_313.jpg,glioma,glioma,notumor,0.9973195
/Users/mirshad/Desktop/brain-tumor/brain-tumor-vit/archive/Testing/glioma/Te-gl_259.jpg,glioma,glioma,notumor,0.99949706
/Users/mirshad/Desktop/brain-tumor/brain-tumor-vit/archive/Testing/glioma/Te-gl_310.jpg,glioma,glioma,meningioma,0.9971825
/Users/mirshad/Desktop/brain-tumor/brain-tumor-vit/archive/Testing/glioma/Te-gl_338.jpg,glioma,glioma,notumor,0.8563634
/Users/mirshad/Desktop/brain-tumor/brain-tumor-vit/archive/Testing/glioma/Te-gl_106.jpg,glioma,glioma,meningioma,0.8485171
/Users/mirshad/Desktop/brain-tumor/brain-tumor-vit/archive/Testing/glioma/Te-gl_264.jpg,glioma,glioma,meningioma,0.9999685
/Users/mirshad/Desktop/brain-tumor/brain-tumor-vit/archive/Testing/glioma/Te-gl_102.jpg,glioma,glioma,notumor,0.997551
/Users/mirshad/Desktop/brain-tumor/brain-tumor-vit/archive/Testing/glioma/Te-gl_314.jpg,glioma,glioma,meningioma,0.981041
/Users/mirshad/Desktop/brain-tumor/brain-tumor-vit/archive/Testing/glioma/Te-gl_103.jpg,glioma,glioma,notumor,0.58434886
/Users/mirshad/Desktop/brain-tumor/brain-tumor-vit/archive/Testing/glioma/Te-gl_275.jpg,glioma,glioma,notumor,0.9999646
/Users/mirshad/Desktop/brain-tumor/brain-tumor-vit/archive/Testing/glioma/Te-gl_263.jpg,glioma,glioma,meningioma,0.9249116
/Users/mirshad/Desktop/brain-tumor/brain-tumor-vit/archive/Testing/glioma/Te-gl_277.jpg,glioma,glioma,notumor,0.99986136
/Users/mirshad/Desktop/brain-tumor/brain-tumor-vit/archive/Testing/glioma/Te-gl_115.jpg,glioma,glioma,meningioma,0.9813535
/Users/mirshad/Desktop/brain-tumor/brain-tumor-vit/archive/Testing/glioma/Te-gl_101.jpg,glioma,glioma,meningioma,0.51730466
/Users/mirshad/Desktop/brain-tumor/brain-tumor-vit/archive/Testing/glioma/Te-gl_129.jpg,glioma,glioma,meningioma,0.99383247
/Users/mirshad/Desktop/brain-tumor/brain-tumor-vit/archive/Testing/glioma/Te-gl_303.jpg,glioma,glioma,meningioma,0.99383247
/Users/mirshad/Desktop/brain-tumor/brain-tumor-vit/archive/Testing/glioma/Te-gl_15.jpg,glioma,glioma,meningioma,0.99977046
/Users/mirshad/Desktop/brain-tumor/brain-tumor-vit/archive/Testing/glioma/Te-gl_205.jpg,glioma,glioma,meningioma,0.99803025
/Users/mirshad/Desktop/brain-tumor/brain-tumor-vit/archive/Testing/glioma/Te-gl_167.jpg,glioma,glioma,notumor,0.9999734
/Users/mirshad/Desktop/brain-tumor/brain-tumor-vit/archive/Testing/glioma/Te-gl_72.jpg,glioma,glioma,notumor,0.9999697
/Users/mirshad/Desktop/brain-tumor/brain-tumor-vit/archive/Testing/glioma/Te-gl_66.jpg,glioma,glioma,meningioma,0.9947325
/Users/mirshad/Desktop/brain-tumor/brain-tumor-vit/archive/Testing/glioma/Te-gl_358.jpg,glioma,glioma,notumor,0.99999714
/Users/mirshad/Desktop/brain-tumor/brain-tumor-vit/archive/Testing/glioma/Te-gl_199.jpg,glioma,glioma,meningioma,0.78952783
/Users/mirshad/Desktop/brain-tumor/brain-tumor-vit/archive/Testing/glioma/Te-gl_166.jpg,glioma,glioma,meningioma,0.93473643
/Users/mirshad/Desktop/brain-tumor/brain-tumor-vit/archive/Testing/glioma/Te-gl_204.jpg,glioma,glioma,notumor,0.99949706
/Users/mirshad/Desktop/brain-tumor/brain-tumor-vit/archive/Testing/glioma/Te-gl_238.jpg,glioma,glioma,meningioma,0.85955036
/Users/mirshad/Desktop/brain-tumor/brain-tumor-vit/archive/Testing/glioma/Te-gl_212.jpg,glioma,glioma,notumor,0.8563634
/Users/mirshad/Desktop/brain-tumor/brain-tumor-vit/archive/Testing/glioma/Te-gl_372.jpg,glioma,glioma,notumor,0.9999988
/Users/mirshad/Desktop/brain-tumor/brain-tumor-vit/archive/Testing/glioma/Te-gl_58.jpg,glioma,glioma,meningioma,0.99482036
/Users/mirshad/Desktop/brain-tumor/brain-tumor-vit/archive/Testing/glioma/Te-gl_59.jpg,glioma,glioma,notumor,0.9963844
/Users/mirshad/Desktop/brain-tumor/brain-tumor-vit/archive/Testing/glioma/Te-gl_171.jpg,glioma,glioma,notumor,0.9978302
/Users/mirshad/Desktop/brain-tumor/brain-tumor-vit/archive/Testing/glioma/Te-gl_159.jpg,glioma,glioma,pituitary,0.7748769
/Users/mirshad/Desktop/brain-tumor/brain-tumor-vit/archive/Testing/glioma/Te-gl_213.jpg,glioma,glioma,meningioma,0.99912816
/Users/mirshad/Desktop/brain-tumor/brain-tumor-vit/archive/Testing/glioma/Te-gl_389.jpg,glioma,glioma,notumor,0.74729764
/Users/mirshad/Desktop/brain-tumor/brain-tumor-vit/archive/Testing/glioma/Te-gl_74.jpg,glioma,glioma,meningioma,0.9838848
/Users/mirshad/Desktop/brain-tumor/brain-tumor-vit/archive/Testing/glioma/Te-gl_160.jpg,glioma,glioma,meningioma,0.9999969
/Users/mirshad/Desktop/brain-tumor/brain-tumor-vit/archive/Testing/glioma/Te-gl_228.jpg,glioma,glioma,notumor,0.9978302
/Users/mirshad/Desktop/brain-tumor/brain-tumor-vit/archive/Testing/glioma/Te-gl_189.jpg,glioma,glioma,meningioma,0.73911476
/Users/mirshad/Desktop/brain-tumor/brain-tumor-vit/archive/Testing/glioma/Te-gl_62.jpg,glioma,glioma,notumor,0.9986589
/Users/mirshad/Desktop/brain-tumor/brain-tumor-vit/archive/Testing/glioma/Te-gl_76.jpg,glioma,glioma,meningioma,0.8965859
/Users/mirshad/Desktop/brain-tumor/brain-tumor-vit/archive/Testing/glioma/Te-gl_349.jpg,glioma,glioma,notumor,0.99798065
/Users/mirshad/Desktop/brain-tumor/brain-tumor-vit/archive/Testing/glioma/Te-gl_215.jpg,glioma,glioma,meningioma,0.98407817
/Users/mirshad/Desktop/brain-tumor/brain-tumor-vit/archive/Testing/meningioma/Te-me_227.jpg,meningioma,meningioma,notumor,0.9880883
/Users/mirshad/Desktop/brain-tumor/brain-tumor-vit/archive/Testing/meningioma/Te-me_186.jpg,meningioma,meningioma,notumor,0.99994123
/Users/mirshad/Desktop/brain-tumor/brain-tumor-vit/archive/Testing/meningioma/Te-me_178.jpg,meningioma,meningioma,pituitary,0.5894683
/Users/mirshad/Desktop/brain-tumor/brain-tumor-vit/archive/Testing/meningioma/Te-me_169.jpg,meningioma,meningioma,pituitary,0.99238634
/Users/mirshad/Desktop/brain-tumor/brain-tumor-vit/archive/Testing/meningioma/Te-aug-me_50.jpg,meningioma,meningioma,glioma,0.79067224
/Users/mirshad/Desktop/brain-tumor/brain-tumor-vit/archive/Testing/meningioma/Te-me_122.jpg,meningioma,meningioma,pituitary,0.7276272
/Users/mirshad/Desktop/brain-tumor/brain-tumor-vit/archive/Testing/meningioma/Te-me_240.jpg,meningioma,meningioma,pituitary,0.5035571
/Users/mirshad/Desktop/brain-tumor/brain-tumor-vit/archive/Testing/meningioma/Te-me_3.jpg,meningioma,meningioma,notumor,0.9658352
/Users/mirshad/Desktop/brain-tumor/brain-tumor-vit/archive/Testing/meningioma/Te-me_113.jpg,meningioma,meningioma,notumor,0.59983224
/Users/mirshad/Desktop/brain-tumor/brain-tumor-vit/archive/Testing/meningioma/Te-aug-me_71.jpg,meningioma,meningioma,pituitary,0.51594704
/Users/mirshad/Desktop/brain-tumor/brain-tumor-vit/archive/Testing/meningioma/Te-me_79.jpg,meningioma,meningioma,pituitary,0.8141041
/Users/mirshad/Desktop/brain-tumor/brain-tumor-vit/archive/Testing/meningioma/Te-me_6.jpg,meningioma,meningioma,notumor,0.95247066
/Users/mirshad/Desktop/brain-tumor/brain-tumor-vit/archive/Testing/meningioma/Te-me_115.jpg,meningioma,meningioma,pituitary,0.9910669
/Users/mirshad/Desktop/brain-tumor/brain-tumor-vit/archive/Testing/meningioma/Te-me_31.jpg,meningioma,meningioma,notumor,0.9999788
/Users/mirshad/Desktop/brain-tumor/brain-tumor-vit/archive/Testing/pituitary/Te-pi_134.jpg,pituitary,pituitary,glioma,0.8280638
/Users/mirshad/Desktop/brain-tumor/brain-tumor-vit/archive/Testing/pituitary/Te-pi_196.jpg,pituitary,pituitary,meningioma,0.5049402
/Users/mirshad/Desktop/brain-tumor/brain-tumor-vit/archive/Testing/pituitary/Te-pi_8.jpg,pituitary,pituitary,meningioma,0.9935411
/Users/mirshad/Desktop/brain-tumor/brain-tumor-vit/archive/Testing/pituitary/Te-pi_219.jpg,pituitary,pituitary,meningioma,0.9971973
/Users/mirshad/Desktop/brain-tumor/brain-tumor-vit/archive/Testing/pituitary/Te-pi_2.jpg,pituitary,pituitary,meningioma,0.99841774
/Users/mirshad/Desktop/brain-tumor/brain-tumor-vit/archive/Testing/pituitary/Te-pi_94.jpg,pituitary,pituitary,meningioma,0.9988172
/Users/mirshad/Desktop/brain-tumor/brain-tumor-vit/archive/Testing/pituitary/Te-pi_367.jpg,pituitary,pituitary,meningioma,0.531245
/Users/mirshad/Desktop/brain-tumor/brain-tumor-vit/archive/Testing/pituitary/Te-pi_249.jpg,pituitary,pituitary,meningioma,0.7147162
/Users/mirshad/Desktop/brain-tumor/brain-tumor-vit/archive/Testing/pituitary/Te-pi_311.jpg,pituitary,pituitary,meningioma,0.9639356
